source,target,date
TVaVK7Da4Wkbh38owDQa5iBJfC2dXbKh6g,TYhCi3LY2marYeRB9YAF66621RmfNvb1dq,28/11/23
TYhCi3LY2marYeRB9YAF66621RmfNvb1dq,TD74hkQc2ohaLcEzpRFoC188wNB2sBUKkT,28/11/23
TYhCi3LY2marYeRB9YAF66621RmfNvb1dq,TD74hViyFnYPbBxEi2XXZeSzVkmUXBUKkT,28/11/23
TYhCi3LY2marYeRB9YAF66621RmfNvb1dq,TShtcn8L5ABcy9qxdre8RWnGdWFsiwURs9,28/11/23
TYhCi3LY2marYeRB9YAF66621RmfNvb1dq,TShtN3CiSavzrtFQ3dtMtYZDPp8SVwURs9,28/11/23
TYhCi3LY2marYeRB9YAF66621RmfNvb1dq,TULM6V4PeGSWHWE4YKsewjUsJPotH1aymA,28/11/23
TYhCi3LY2marYeRB9YAF66621RmfNvb1dq,TULDYYMJJannCG3mYPdksU4sBj2UL1aymA,28/11/23
TYhCi3LY2marYeRB9YAF66621RmfNvb1dq,TYbUyqhduAHsviQaddUfeiiy15rMDknStE,28/11/23
TYhCi3LY2marYeRB9YAF66621RmfNvb1dq,TYbUycDpSsLDZJ6diMAx1Uy9w2awaknStE,28/11/23
TYhCi3LY2marYeRB9YAF66621RmfNvb1dq,TSAiChBDFztdHnXr7K3QstxxtCiuVTGxgz,28/11/23
TYhCi3LY2marYeRB9YAF66621RmfNvb1dq,TSAiCrMoseZY3QFfLq4qWxyLzDpxJTGxgz,28/11/23
TYhCi3LY2marYeRB9YAF66621RmfNvb1dq,TVv69i7H2kUK41U3GEpz1niJ3wXBLF4pX1,28/11/23
TYhCi3LY2marYeRB9YAF66621RmfNvb1dq,TVv8ZY1GRPYE3c12nCWk8Z3CxUaHbF4pX1,28/11/23
TYhCi3LY2marYeRB9YAF66621RmfNvb1dq,TUGv3k1daXvQqwqLK8EVX3woeUbgjStTsB,28/11/23
TYhCi3LY2marYeRB9YAF66621RmfNvb1dq,TUGQGPey1L4WiZmik7C3EWxyozaWEStTsB,28/11/23
TYhCi3LY2marYeRB9YAF66621RmfNvb1dq,TYXYwxssoeUVWsPAkRFaKVY1bsX5Bt3ptR,28/11/23
TYhCi3LY2marYeRB9YAF66621RmfNvb1dq,TYXYw7zsJUn7eqQAcXryJknX5HWDBt3ptR,28/11/23
TYhCi3LY2marYeRB9YAF66621RmfNvb1dq,TUtPbAwafwSmiCJFbi9FtiMrL2nzxGeq64,28/11/23
TYhCi3LY2marYeRB9YAF66621RmfNvb1dq,TUtPbrDQnp2ynLhA1VWVa8QS7fC6jGeq64,28/11/23
TYhCi3LY2marYeRB9YAF66621RmfNvb1dq,TAuYH6Zf23iavBRrL5YVQhFaK4CQXY7VL5,28/11/23
TYhCi3LY2marYeRB9YAF66621RmfNvb1dq,TAuYH6jeCE78eouWNWeqYphWRST3LY7VL5,28/11/23
TYhCi3LY2marYeRB9YAF66621RmfNvb1dq,TD74fKoMwhLt51MYCm7Mtdx3t4XBzBUKkT,27/11/23
TYhCi3LY2marYeRB9YAF66621RmfNvb1dq,TWm8JgEAYxMv71f7tJFzqfzgZwNG4953cm,24/11/23
TYhCi3LY2marYeRB9YAF66621RmfNvb1dq,TWm9KHLzBv553fv24XJrEHWVsqZ5L953cm,24/11/23
TYhCi3LY2marYeRB9YAF66621RmfNvb1dq,THMpmsvdtiFqGXB7rYnVUa9CCSCXxoQmKC,24/11/23
TYhCi3LY2marYeRB9YAF66621RmfNvb1dq,THMXu7DJMvTc42QcWGq25qVsfYLVhoQmKC,24/11/23
TYhCi3LY2marYeRB9YAF66621RmfNvb1dq,THMeqDKuKotDpynS6SghWxcpAx1oUoQmKC,24/11/23
TYhCi3LY2marYeRB9YAF66621RmfNvb1dq,TYXYwybLiAYM9gyAusqeJymMPjthBt3ptR,24/11/23
TYhCi3LY2marYeRB9YAF66621RmfNvb1dq,TGZtVrquzUcvdV1uT9uuur4uD4JYa6YyZS,23/11/23
TYhCi3LY2marYeRB9YAF66621RmfNvb1dq,TLBDnKCRefQEQE5SBjMFfJRimnEAZQexkA,23/11/23
TYhCi3LY2marYeRB9YAF66621RmfNvb1dq,TGiNjRZZmT6jQX63WCoHC1GurMEgsbj49m,22/11/23
TYhCi3LY2marYeRB9YAF66621RmfNvb1dq,TGiPCoD4AyBsqd96mGZ8eyxYqKKPqbj49m,22/11/23
TYhCi3LY2marYeRB9YAF66621RmfNvb1dq,TKxNJYtW1CGaF1i8XCjaNgpGb2woSBGJ9x,22/11/23
TYhCi3LY2marYeRB9YAF66621RmfNvb1dq,TKxGqBZicBqqgWDZSZySsJkVxorWhBGJ9x,22/11/23
TYhCi3LY2marYeRB9YAF66621RmfNvb1dq,TR2C2UArLppwMbdzLgmwfDftFqHadDhbuM,18/09/23
THMXu7DJMvTc42QcWGq25qVsfYLVhoQmKC,TYhCi3LY2marYeRB9YAF66621RmfNvb1dq,28/11/23
TD746sYPD6bMDCKUzk6sAKu8qqjF4BUKkT,TYhCi3LY2marYeRB9YAF66621RmfNvb1dq,28/11/23
TKHThVgKAkaxuXUQdNkzypwGnXoEmYGp3p,TYhCi3LY2marYeRB9YAF66621RmfNvb1dq,28/11/23
TShynLeCqot6sywUUiKDUXbgtSK2gwURs9,TYhCi3LY2marYeRB9YAF66621RmfNvb1dq,28/11/23
TGFS2ey8pH5GPH9PPUYJ5xW5DjeRH568RQ,TYhCi3LY2marYeRB9YAF66621RmfNvb1dq,28/11/23
TWw6QritCX5vZABkfdWj1EAVtJSEE1rs2p,TYhCi3LY2marYeRB9YAF66621RmfNvb1dq,28/11/23
TYASr5UV6HEcXatwdFQfmLVUqQQQMUxHLS,TYhCi3LY2marYeRB9YAF66621RmfNvb1dq,28/11/23
TYASr5UV6HEcXatwdFQfmLVUqQQQMUxHLS,TR2C2UArLppwMbdzLgmwfDftFqHadDhbuM,6/09/23
TGoTqWUhLMFQyAm3BeFUEwMuUPDMY4g3iG,TYhCi3LY2marYeRB9YAF66621RmfNvb1dq,28/11/23
TUL9xVd7VxodH6E5wm6t4rLEfrJNn1aymA,TYhCi3LY2marYeRB9YAF66621RmfNvb1dq,28/11/23
TECxbVBvxsjk8jat2cPUi1CZ48ejqSixLU,TYhCi3LY2marYeRB9YAF66621RmfNvb1dq,28/11/23
TYbwnDNnZnuftDMLyRw7JZDF39rMbknStE,TYhCi3LY2marYeRB9YAF66621RmfNvb1dq,28/11/23
TA7hp7Xt4uc7gPRFQzWT2qbz917Vh1vBtR,TYhCi3LY2marYeRB9YAF66621RmfNvb1dq,28/11/23
TSA2LB4j7rdzZRbW8B3QiPBC965EhTGxgz,TYhCi3LY2marYeRB9YAF66621RmfNvb1dq,28/11/23
TJDENsfBJs4RFETt1X1W8wMDc8M5XnJhCe,TYhCi3LY2marYeRB9YAF66621RmfNvb1dq,28/11/23
TVv2B4A9tmLfveo2XHYo9hLBofkVnF4pX1,TYhCi3LY2marYeRB9YAF66621RmfNvb1dq,28/11/23
TUEETWiUPKxBKf2EPcEasqaGx5pQaRRkRC,TYhCi3LY2marYeRB9YAF66621RmfNvb1dq,28/11/23
TUGrNicrBqvNqwvPQAzu5Np9dGAMiStTsB,TYhCi3LY2marYeRB9YAF66621RmfNvb1dq,28/11/23
TYXcoZDUxm9p5LqGZZgVHRciy2cVyt3ptR,TYhCi3LY2marYeRB9YAF66621RmfNvb1dq,28/11/23
TGiPCoD4AyBsqd96mGZ8eyxYqKKPqbj49m,TYhCi3LY2marYeRB9YAF66621RmfNvb1dq,28/11/23
TUt4c3Ks388nwUFuiBoJXtmAkdYZtGeq64,TYhCi3LY2marYeRB9YAF66621RmfNvb1dq,28/11/23
TUtPbrDQnp2ynLhA1VWVa8QS7fC6jGeq64,TYhCi3LY2marYeRB9YAF66621RmfNvb1dq,27/11/23
TAuHf1SrP1JzJi5uzTymb8GmpbqmuY7VL5,TYhCi3LY2marYeRB9YAF66621RmfNvb1dq,28/11/23
TFXYfTNQGYB9qDKFJzyXtKzfXCxBZeibCP,TYhCi3LY2marYeRB9YAF66621RmfNvb1dq,27/11/23
TD74fKoMwhLt51MYCm7Mtdx3t4XBzBUKkT,TYhCi3LY2marYeRB9YAF66621RmfNvb1dq,27/11/23
TDmYdioNqCEaq7QLrWReq76jq5Ym5BUKkT,TYhCi3LY2marYeRB9YAF66621RmfNvb1dq,27/11/23
TR9H6yeSQhuf9HywWpNx2TnFPRbJhqb5Li,TYhCi3LY2marYeRB9YAF66621RmfNvb1dq,27/11/23
TThUFXpLbbu2Vg5vaGteLc82VkGca6i7bY,TYhCi3LY2marYeRB9YAF66621RmfNvb1dq,27/11/23
TWm9gofGCMbUTuoiN2viNMcVZdaEa953cm,TYhCi3LY2marYeRB9YAF66621RmfNvb1dq,26/11/23
TYbUdUZyVa8N4v3ybxtCSDzo6rGZ5knStE,TYhCi3LY2marYeRB9YAF66621RmfNvb1dq,26/11/23
TULDcWGAMQdSHtpGMWwqp8pVgXNWt1aymA,TYhCi3LY2marYeRB9YAF66621RmfNvb1dq,26/11/23
THMXKhuhS378m2BvExmJyYv8k3R8hoQmKC,TYhCi3LY2marYeRB9YAF66621RmfNvb1dq,26/11/23
TVv87e8karToZop8Sntjwc3KcYh9dF4pX1,TYhCi3LY2marYeRB9YAF66621RmfNvb1dq,26/11/23
TUtPVWqm6ZxVg1RynnPkVKZQmu83nGeq64,TYhCi3LY2marYeRB9YAF66621RmfNvb1dq,26/11/23
TYXYJYp3qMgdXq8VM7S9kfAVnZRxJt3ptR,TYhCi3LY2marYeRB9YAF66621RmfNvb1dq,26/11/23
TUGQFfsL9whf5McYSVXawbFzFnBsKStTsB,TYhCi3LY2marYeRB9YAF66621RmfNvb1dq,26/11/23
TWmwQvSiMik2AEjNuxkicpuVvd1R6953cm,TYhCi3LY2marYeRB9YAF66621RmfNvb1dq,24/11/23
TPRZtpGEA4cN7gEEMhECb92iTGg9KcneH5,TYhCi3LY2marYeRB9YAF66621RmfNvb1dq,24/11/23
TGiPWpJduA1Qki7dLCGPfQD4H4qCybj49m,TYhCi3LY2marYeRB9YAF66621RmfNvb1dq,24/11/23
TXVn7D5RYXrh4uMACvL3mDBUuDfZUh697Z,TYhCi3LY2marYeRB9YAF66621RmfNvb1dq,24/11/23
TKxG5JreFGZhQi8quYHRMrTYoxFhJBGJ9x,TYhCi3LY2marYeRB9YAF66621RmfNvb1dq,24/11/23
TSAi9R3HVFZQ8SDRe9fQQR6FWXYiNTGxgz,TYhCi3LY2marYeRB9YAF66621RmfNvb1dq,24/11/23
TMZp8q3odrZTfbuuDtX3eGy4APYFJqg6ep,TYhCi3LY2marYeRB9YAF66621RmfNvb1dq,24/11/23
THMeqDKuKotDpynS6SghWxcpAx1oUoQmKC,TYhCi3LY2marYeRB9YAF66621RmfNvb1dq,24/11/23
TQrY8tryqsYVCYS3MFbtffiPp2ccyn4STm,TYhCi3LY2marYeRB9YAF66621RmfNvb1dq,24/11/23
TQrY8tryqsYVCYS3MFbtffiPp2ccyn4STm,TR2C2UArLppwMbdzLgmwfDftFqHadDhbuM,2/10/23
TGZtVrquzUcvdV1uT9uuur4uD4JYa6YyZS,TYhCi3LY2marYeRB9YAF66621RmfNvb1dq,23/11/23
TGZbY3xWS61MNik9yK1ZxWdmcx7HD6YyZS,TYhCi3LY2marYeRB9YAF66621RmfNvb1dq,23/11/23
TLBDnKCRefQEQE5SBjMFfJRimnEAZQexkA,TYhCi3LY2marYeRB9YAF66621RmfNvb1dq,23/11/23
TLBzqnJRFziwt4hkaqLTGndScrwQ7QexkA,TYhCi3LY2marYeRB9YAF66621RmfNvb1dq,23/11/23
TFvNjkb1P2C81oCwLGGa14kTEDomDq5Yod,TYhCi3LY2marYeRB9YAF66621RmfNvb1dq,22/11/23
TGiaaqtEv3dBJ2Z1X6mq9tUiGZ2mqbj49m,TYhCi3LY2marYeRB9YAF66621RmfNvb1dq,22/11/23
TShtwqxirMKSF8wMcFD9Yk5KQo29mwURs9,TYhCi3LY2marYeRB9YAF66621RmfNvb1dq,22/11/23
TWkK7DBrRpnAEwQmxNxHbxvazzTgnrsda3,TYhCi3LY2marYeRB9YAF66621RmfNvb1dq,22/11/23
TKLiddPxVoRh5Z7PyxiC15TwpfeVqGmeyL,TYhCi3LY2marYeRB9YAF66621RmfNvb1dq,22/11/23
TKxFmTniPCvELddBGKpfG1aYnjPyPBGJ9x,TYhCi3LY2marYeRB9YAF66621RmfNvb1dq,22/11/23
TMbVcgGAqz2dwdsrTnqHkA7bG1KB6EhiLV,TYKx8eCjBHjQchi62ZRrmWeADpHD9cyQQ9,2/10/23
TYKx8eCjBHjQchi62ZRrmWeADpHD9cyQQ9,TLSCgrPsWQa6b3hM2ZgoDCNYXFMdvY6WYv,9/08/23
TYKx8eCjBHjQchi62ZRrmWeADpHD9cyQQ9,TLSCgCNHPAhHYScVBGxKS13mtcMDDY6WYv,9/08/23
TYKx8eCjBHjQchi62ZRrmWeADpHD9cyQQ9,TTQBKWdFsCga5CbrnM5Dk5gHLbrZQLtWHu,4/08/23
TYKx8eCjBHjQchi62ZRrmWeADpHD9cyQQ9,TTQBK59AX9BeNLBKGzMSdy5DJuFV2LtWHu,4/08/23
TYKx8eCjBHjQchi62ZRrmWeADpHD9cyQQ9,TTQBKhhnHHJWiL9ch1LT6xTa1vB17LtWHu,3/08/23
TYKx8eCjBHjQchi62ZRrmWeADpHD9cyQQ9,TTQBKbWXV73wmooPFsFXUH1EwujGxLtWHu,31/07/23
TYKx8eCjBHjQchi62ZRrmWeADpHD9cyQQ9,TTQBKmTttLzJFmqFs6gsg8U2jsPS2LtWHu,24/07/23
TYKx8eCjBHjQchi62ZRrmWeADpHD9cyQQ9,TTQBKBh7BhS4wNjsWuJsekKVsCRpKLtWHu,20/07/23
TYKx8eCjBHjQchi62ZRrmWeADpHD9cyQQ9,TTQBKYabkVJkN8exYjT2n5PgM1322LtWHu,19/07/23
TYKx8eCjBHjQchi62ZRrmWeADpHD9cyQQ9,TTQBKX2Dx1HaFZ3ujeWWouy5nvAt2LtWHu,18/07/23
TYKx8eCjBHjQchi62ZRrmWeADpHD9cyQQ9,TTQBKbq4gXqNAYkbDndXT26SKZ7r2LtWHu,17/07/23
TYKx8eCjBHjQchi62ZRrmWeADpHD9cyQQ9,TTQBK52xPoTb6pZRrBb52tE4s7NAsLtWHu,14/07/23
TYKx8eCjBHjQchi62ZRrmWeADpHD9cyQQ9,TLSCgmW6SpxK6Rj319C7PnbsWdPQDY6WYv,12/07/23
TYKx8eCjBHjQchi62ZRrmWeADpHD9cyQQ9,TLSCgSeHkpZQBBtZzCJ2Jnv66SAtEY6WYv,6/07/23
TYKx8eCjBHjQchi62ZRrmWeADpHD9cyQQ9,TREgUfULws1qCgLf1a26xRiGwQGEdLtWHu,6/07/23
TYKx8eCjBHjQchi62ZRrmWeADpHD9cyQQ9,TFyyofXCTGF3wbNTYdto8u2RrpDD2LtWHu,6/07/23
TYKx8eCjBHjQchi62ZRrmWeADpHD9cyQQ9,TLSCg1ZmqWbDBESMyoRDGwtuQfunTY6WYv,5/07/23
TYKx8eCjBHjQchi62ZRrmWeADpHD9cyQQ9,TLSCgDnxEJ5rRY1XJhqga4wRwBUaDY6WYv,26/06/23
TYKx8eCjBHjQchi62ZRrmWeADpHD9cyQQ9,TLqhAfwCiacXkPowyWNRTSfeVEvnLY6WYv,22/06/23
TYKx8eCjBHjQchi62ZRrmWeADpHD9cyQQ9,TTy7d6XaawffZp7kKd4LZk7NRfaGDY6WYv,12/06/23
TYKx8eCjBHjQchi62ZRrmWeADpHD9cyQQ9,TLSCgLMa8gCwEACeyjq5dKejJZ2SDY6WYv,12/06/23
TYKx8eCjBHjQchi62ZRrmWeADpHD9cyQQ9,TCYcPHSnnnd6vQV6LEN3wLdiVzFL3x6WYv,12/06/23
TYKx8eCjBHjQchi62ZRrmWeADpHD9cyQQ9,TVLFtb4cytTuUNryezqr7aGbYTuB8Y6WYv,12/06/23
TLSCgCDQNZFarHmeP2U4RRQxSsgQeY6WYv,TYKx8eCjBHjQchi62ZRrmWeADpHD9cyQQ9,9/08/23
TLo6hwD9tMRvwcgjy8Naf7tL3CDhhkvkSq,TYKx8eCjBHjQchi62ZRrmWeADpHD9cyQQ9,9/08/23
TTQBKKvdpaQkashESxj4uzneiazM7LtWHu,TYKx8eCjBHjQchi62ZRrmWeADpHD9cyQQ9,4/08/23
TWdnAmDvUeegfj37H5vo7pTmxUWTAi1q9N,TYKx8eCjBHjQchi62ZRrmWeADpHD9cyQQ9,3/08/23
TTQBKxpkR67kPDTJPKiHdKoBN4mWHLtWHu,TYKx8eCjBHjQchi62ZRrmWeADpHD9cyQQ9,31/07/23
TBDLqR2jJCqVFzPe5a3Rkb5zF6TgoSgzjW,TYKx8eCjBHjQchi62ZRrmWeADpHD9cyQQ9,31/07/23
TSUfx6xDEUGNzWQVMbqjf1zD5xwX4DQ9PL,TYKx8eCjBHjQchi62ZRrmWeADpHD9cyQQ9,31/07/23
TTQBKyPy4A3Fptu5TkvnJTe5BP3u8LtWHu,TYKx8eCjBHjQchi62ZRrmWeADpHD9cyQQ9,24/07/23
TTQBKBh7BhS4wNjsWuJsekKVsCRpKLtWHu,TYKx8eCjBHjQchi62ZRrmWeADpHD9cyQQ9,20/07/23
TTQBKYabkVJkN8exYjT2n5PgM1322LtWHu,TYKx8eCjBHjQchi62ZRrmWeADpHD9cyQQ9,19/07/23
TK9kFJ7tDWGmxqoLLCsm4qkBNT4L2LtWHu,TYKx8eCjBHjQchi62ZRrmWeADpHD9cyQQ9,19/07/23
TTQBKX2Dx1HaFZ3ujeWWouy5nvAt2LtWHu,TYKx8eCjBHjQchi62ZRrmWeADpHD9cyQQ9,18/07/23
TTQBKbq4gXqNAYkbDndXT26SKZ7r2LtWHu,TYKx8eCjBHjQchi62ZRrmWeADpHD9cyQQ9,17/07/23
TYvoTk6YcPUNicEFfXsdti8EgaycVyKLtq,TYKx8eCjBHjQchi62ZRrmWeADpHD9cyQQ9,17/07/23
TTs1YK4f9JgzQSq777ai7KQeGz2LuPg6Ew,TYKx8eCjBHjQchi62ZRrmWeADpHD9cyQQ9,14/07/23
TTQBK52xPoTb6pZRrBb52tE4s7NAsLtWHu,TYKx8eCjBHjQchi62ZRrmWeADpHD9cyQQ9,14/07/23
TTQArTRRcFKLk6T2xg6xyfXP4qT2bLtWHu,TYKx8eCjBHjQchi62ZRrmWeADpHD9cyQQ9,14/07/23
TTQBK57q4w8YJkYhdHKhRNo75hUxjLtWHu,TYKx8eCjBHjQchi62ZRrmWeADpHD9cyQQ9,12/07/23
TLSGGxvLccpevCSoY1a73WgbnhfEVY6WYv,TYKx8eCjBHjQchi62ZRrmWeADpHD9cyQQ9,12/07/23
TLSCgSeHkpZQBBtZzCJ2Jnv66SAtEY6WYv,TYKx8eCjBHjQchi62ZRrmWeADpHD9cyQQ9,6/07/23
TREgUfULws1qCgLf1a26xRiGwQGEdLtWHu,TYKx8eCjBHjQchi62ZRrmWeADpHD9cyQQ9,5/07/23
TTy7d6XaawffZp7kKd4LZk7NRfaGDY6WYv,TYKx8eCjBHjQchi62ZRrmWeADpHD9cyQQ9,5/07/23
TCC6EBxtUVnkemoyPuaLgj7em2La6XyUj9,TYKx8eCjBHjQchi62ZRrmWeADpHD9cyQQ9,5/07/23
TLSCgDnxEJ5rRY1XJhqga4wRwBUaDY6WYv,TYKx8eCjBHjQchi62ZRrmWeADpHD9cyQQ9,26/06/23
TWv6z3H29V4RoQg1pkX2FFJM4CCvyzD6QV,TYKx8eCjBHjQchi62ZRrmWeADpHD9cyQQ9,22/06/23
TLSCgLMa8gCwEACeyjq5dKejJZ2SDY6WYv,TYKx8eCjBHjQchi62ZRrmWeADpHD9cyQQ9,12/06/23
TFaqzJtgR5Si8abHfHkoZvnu553FGTTit5,TYKx8eCjBHjQchi62ZRrmWeADpHD9cyQQ9,12/06/23
TFaqzQLdxB63ixT1dAJSsTxLvjBLWTTit5,TYKx8eCjBHjQchi62ZRrmWeADpHD9cyQQ9,12/06/23
TPQodjXrbAfECLU12TFDP4Cz1Yuac3KqZB,TYKx8eCjBHjQchi62ZRrmWeADpHD9cyQQ9,12/06/23
TZD7dNWfAFrzQRPdEEGW8hdkGWZcL3KqZB,TYKx8eCjBHjQchi62ZRrmWeADpHD9cyQQ9,12/06/23
TRdb8NdacyMgmDJqP3h1n6eeEmUmUWNdyh,TYKx8eCjBHjQchi62ZRrmWeADpHD9cyQQ9,12/06/23
TRdb89FU9Bf8ULegVejUoAeKzuYpCWNdyh,TYKx8eCjBHjQchi62ZRrmWeADpHD9cyQQ9,12/06/23
TKi9r2XT4s69DWzgQ32dYRcVEk3794WDHX,TYKx8eCjBHjQchi62ZRrmWeADpHD9cyQQ9,10/06/23
TBDLqaXfHK3ERLUXJPD8LNeBH9FAZSgzjW,TYKx8eCjBHjQchi62ZRrmWeADpHD9cyQQ9,9/06/23
TRhSUf9Vq25NXpUEDsXPxSf5fF9dn3GVnW,TYKx8eCjBHjQchi62ZRrmWeADpHD9cyQQ9,9/06/23
TSVNUMGFhpwSVQCMpuXfSiAsBCRFX3GVnW,TYKx8eCjBHjQchi62ZRrmWeADpHD9cyQQ9,9/06/23
TM2aeJtvji7wPyi1L8F125a6FryHrEvYDp,TYKx8eCjBHjQchi62ZRrmWeADpHD9cyQQ9,9/06/23
TM2ae9A1HJJRjcrPnKhPCx8ybLyYSEvYDp,TYKx8eCjBHjQchi62ZRrmWeADpHD9cyQQ9,9/06/23
TFvhnMR3SyFr3xE5WKVfAAvv7RhhATh8eP,TYKx8eCjBHjQchi62ZRrmWeADpHD9cyQQ9,9/06/23
TK1MFMEmd9nMPYMF5PJpvrJQWhtcpTh8eP,TYKx8eCjBHjQchi62ZRrmWeADpHD9cyQQ9,9/06/23
TK1MFoHCDUYictAZxdSBhYNSLpB4ATh8eP,TYKx8eCjBHjQchi62ZRrmWeADpHD9cyQQ9,9/06/23
TMaRddHvjFMAu1jZeSUZdJaKRrLi8AqdiS,TYKx8eCjBHjQchi62ZRrmWeADpHD9cyQQ9,8/06/23
TSCvcTuAVYY8xUYVqhdUogQW1YrCXG7Nx5,TYKx8eCjBHjQchi62ZRrmWeADpHD9cyQQ9,8/06/23
TVeSWtjpaQWj5CrDzN7mDsZ9rfwaXG7Nx5,TYKx8eCjBHjQchi62ZRrmWeADpHD9cyQQ9,8/06/23
TAYdJfp9jHvejuKcTgvMmoJWGKjWzQcCKc,TYKx8eCjBHjQchi62ZRrmWeADpHD9cyQQ9,8/06/23
TEhsYr78i6WHXWzgzAtf2fRywEwrmk2gkW,TYKx8eCjBHjQchi62ZRrmWeADpHD9cyQQ9,8/06/23
TEhsY1i6bZAmWPKABTD4XxrTMXUtYk2gkW,TYKx8eCjBHjQchi62ZRrmWeADpHD9cyQQ9,8/06/23
TZD7dWHeY4fa2jDmVPRFpZ9quWwQp3KqZB,TYKx8eCjBHjQchi62ZRrmWeADpHD9cyQQ9,8/06/23
TDXyqrqGqA7CKocjw5twtzgiao7oJGDYkj,TYKx8eCjBHjQchi62ZRrmWeADpHD9cyQQ9,8/06/23
TDXyqDPEk8YwLDxRnHuN4e35HVYCuGDYkj,TYKx8eCjBHjQchi62ZRrmWeADpHD9cyQQ9,8/06/23
TU4kXwkTQnA2i12J3Y7o2zqt497CFAqdiS,TYKx8eCjBHjQchi62ZRrmWeADpHD9cyQQ9,8/06/23
TR2C2UArLppwMbdzLgmwfDftFqHadDhbuM,TUAPjQoYvKqNmkXq3QN7TWE3nfEp2RRkRC,5/10/23
TR2C2UArLppwMbdzLgmwfDftFqHadDhbuM,TUEETWiUPKxBKf2EPcEasqaGx5pQaRRkRC,5/10/23
TR2C2UArLppwMbdzLgmwfDftFqHadDhbuM,TChcnTSjVc6gpcgJRxt1CuPWeoBF1GtQE8,4/10/23
TR2C2UArLppwMbdzLgmwfDftFqHadDhbuM,TU5gLNKpxMf9Zk5hWzf9HdsSEdpWtRWWPq,4/10/23
TR2C2UArLppwMbdzLgmwfDftFqHadDhbuM,TTXHsbTD9L2JFDdMCT2Aj76My6x4uLtWHu,2/10/23
TR2C2UArLppwMbdzLgmwfDftFqHadDhbuM,TTQBK59AX9BeNLBKGzMSdy5DJuFV2LtWHu,2/10/23
TR2C2UArLppwMbdzLgmwfDftFqHadDhbuM,TLHeG2ZghJDRh7dm6LusNeV6jAnvjrgdfe,2/10/23
TUAPjQoYvKqNmkXq3QN7TWE3nfEp2RRkRC,TR2C2UArLppwMbdzLgmwfDftFqHadDhbuM,5/10/23
TUEE1ze59tmFUPwi1p5EU5jD1EzJmRRkRC,TR2C2UArLppwMbdzLgmwfDftFqHadDhbuM,5/10/23
TEW11Wt6J8erV8Vqf9YmLXrcHKihXZZEma,TR2C2UArLppwMbdzLgmwfDftFqHadDhbuM,5/10/23
TChqSKgbNmB4gVoJ4YUmU8bdjB3V1GtQE8,TR2C2UArLppwMbdzLgmwfDftFqHadDhbuM,4/10/23
TTd9qHyjqiUkfTxe3gotbuTMpjU8LEbpkN,TR2C2UArLppwMbdzLgmwfDftFqHadDhbuM,4/10/23
TU55vWL8iPQs5bBDmEpwPagRNmC7qRWWPq,TR2C2UArLppwMbdzLgmwfDftFqHadDhbuM,4/10/23
TU5gLNKpxMf9Zk5hWzf9HdsSEdpWtRWWPq,TR2C2UArLppwMbdzLgmwfDftFqHadDhbuM,4/10/23
TU5CC4Qi2fvEj1fSqBXa8c5bsBKPtRWWPq,TR2C2UArLppwMbdzLgmwfDftFqHadDhbuM,4/10/23
TV6MuMXfmLbBqPZvBHdwFsDnQeVfnmiuSi,TR2C2UArLppwMbdzLgmwfDftFqHadDhbuM,3/10/23
TTXHsbTD9L2JFDdMCT2Aj76My6x4uLtWHu,TR2C2UArLppwMbdzLgmwfDftFqHadDhbuM,2/10/23
TTQLXLZxuVtB199nX4718pL638zJ2LtWHu,TR2C2UArLppwMbdzLgmwfDftFqHadDhbuM,2/10/23
TLHeG2ZghJDRh7dm6LusNeV6jAnvjrgdfe,TR2C2UArLppwMbdzLgmwfDftFqHadDhbuM,2/10/23
TAzsQ9Gx8eqFNFSKbeXrbi45CuVPHzA8wr,TR2C2UArLppwMbdzLgmwfDftFqHadDhbuM,2/10/23
TW5dRbRTeqnN6v6FWJUMvqqcHMaDpQdtdL,TR2C2UArLppwMbdzLgmwfDftFqHadDhbuM,27/09/23
TFszruoNgoNxwMz9GWcD7Fd7xqLvh8yCJi,TR2C2UArLppwMbdzLgmwfDftFqHadDhbuM,27/09/23
TAvVgrGAhEqj3Ga7LoNBaDaaXnrBc4BJZf,TR2C2UArLppwMbdzLgmwfDftFqHadDhbuM,26/09/23
TNXoiAJ3dct8Fjg4M9fkLFh9S2v9TXc32G,TR2C2UArLppwMbdzLgmwfDftFqHadDhbuM,25/09/23
TW5UWiyP6imDF5z6jMoZgKJMu7mkjezHUy,TR2C2UArLppwMbdzLgmwfDftFqHadDhbuM,25/09/23
TRbaZWFb7yLdUX7zf3WvijGX9rbCfATgV1,TR2C2UArLppwMbdzLgmwfDftFqHadDhbuM,22/09/23
TTQB3YJMDt4BsEsxvtzqudFTb44u5LtWHu,TR2C2UArLppwMbdzLgmwfDftFqHadDhbuM,11/09/23
TTQBKNUNKUhMSq1QtuQAfLkQhoLiQLtWHu,TR2C2UArLppwMbdzLgmwfDftFqHadDhbuM,8/09/23
TUEE3TRgyEgDT7LKxaiAyaHg7bxWhRRkRC,TR2C2UArLppwMbdzLgmwfDftFqHadDhbuM,5/09/23